28,XWA,,,
0,Half Red Laser,9,,26
2,Full Red Laser,9,,26
4,Half Green Laser,9,,26
6,Full Green Laser,9,,26
8,Half Ion Cannon,9,,26
10,Full Ion Cannon,9,,26
12,Torpedo,9,,26
14,Missile,9,,26
16,Red Turbo Laser (Cap),9,,26
18,Green Turbo Laser (Cap),9,,26
20,Ion Turbo Laser (Cap),9,,26
22,Adv. Torpedo,9,,26
24,Adv. Missile,9,,26
26,Space Bomb,9,,26
28,Heavy Rocket,9,,26
30,Mag Pulse,9,,26
32,Ion Pulse,9,,26
34,Red Laser 2,9,,26
36,Flare,9,,26
38,Unk 1 (Chaff?),9,,26
40,Unk 2 (Cluster?),9,,26
42,Red Laser 2,9,,26
44,Red Laser 2,9,,26
46,Green Laser 2,9,,26
48,Green Laser 2,9,,26
50,Green Laser 2,9,,26
52,Death Star Super Laser,9,,26
54,Open Weapon,9,,26