185,XVT_INT_EDIT,
12 o'clock view,1,0
10 o'clock view,1,36
09 o'clock view,1,72
08 o'clock view,1,108
06 o'clock view,1,144
04 o'clock view,1,180
03 o'clock view,1,216
02 o'clock view,1,252
12 o'clock high view,1,288
10 o'clock high view,1,324
09 o'clock high view,1,360
08 o'clock high view,1,396
06 o'clock high view,1,432
04 o'clock high view,1,468
03 o'clock high view,1,504
02 o'clock high view,1,540
Up view,1,576
Standard view,1,612
HUD view,1,684
Panel file,2,3888
Standard view strings,8,1404
Front radar,4,1008
Front radar display,5,1632
Rear radar,4,1020
Rear radar display,5,1644
Command screen,3,1032
CMD display,5,1548
Laser-Ion charge indicator 1,10,1044
Laser-Ion charge indicator 2,10,1056
Laser-Ion charge indicator 3,10,1068
Laser-Ion charge indicator 4,10,1080
Laser-Ion charge indicator 5,10,1092
Laser-Ion charge indicator 6,10,1104
Laser-Ion charge indicator 7,10,1116
Laser-Ion charge indicator 8,10,1128
Left laser display,5,1560
Right laser display,5,1572
LasIn 1,6,1092
LasIn 2,6,1104
LasIn 3,6,1116
LasIn 4,6,1128
Mis. counter 1,4,1188
Mis. counter 2,4,1200
Mis. counter 3,4,1212
Mis. counter 4,4,1224
Mis. counter display,5,1584
MisIn 1,6,1140
MisIn 2,6,1152
MisIn 3,6,1164
MisIn 4,6,1176
S-in-fwd,8,1236
S-out-fwd,8,1248
S-in-bwd,8,1260
S-out-bwd,8,1272
Hull condition icon,5,1284
Shields-Hull display,5,1608
Speed digits,7,1296
Throttle digits,7,1308
Speed-throttle display,5,1620
Engine power indicator,5,1320
Engine power display,5,1668
Laser power indicator,5,1332
Laser power display,5,1656
Shields power indicator,5,1344
Shields power display,5,1680
Beam power indicator,5,1356
Beam power display,5,1692
Timer digits,4,1368
Countermeasure lamp,6,1380
Countermeasure digits,4,1392
Eject light,5,1416
Eject string,9,2244
Beam weapon segments,5,1428
Beam weapon display,5,1596
Beam weapon (active),5,2112
Crosshair,5,1440
Laser lamp 1,5,1452
Laser lamp 2,5,1464
Laser lamp 3,5,1476
Laser lamp 4,5,1488
Laser lamp 5,5,1500
Laser lamp 6,5,1512
Laser lamp 7,5,1524
Laser lamp 8,5,1536
On target lamp 1,5,1500
On target lamp 2,5,1512
On target lamp 3,5,1524
On target lamp 4,5,1536
SYS string,7,2052
SYS digits,7,1704
DIST string,7,2064
DIST digits (km),7,1716
DIST digits (m),7,1728
SHD string,7,2076
SHD digits,7,1740
HULL string,7,2088
HULL digits,7,1752
Target-Name,8,2100
Target-Cargo,8,1764
Target-Component,8,1776
Target-Current action,8,1788
Alert light 1,6,1800
Alert light 2,6,1812
Alert light 3,6,1824
Alert light 4,6,1836
Shields Pw. (sealed),5,2016
Beam Pw. (sealed),5,2028
Beam weapon (sealed),5,2040
Radio messages,4,2124
Weapon selected,4,2136
Target info,4,2148
Throttle string,8,2160
Speed string,8,2172
L from ELS,8,2184
S from ELS,8,2196
E from ELS,8,2208
B from ELS,8,2220
Craft name,8,2232
F from shield sys,9,2256
R from shield sys,9,2268
Friendly-Enemy crafts box,4,2280
Goals box,4,2304
Score-Kills box,4,2328
HUD - Front radar,4,2448
HUD - Rear radar,4,2460
HUD - Command screen,3,2472
HUD - CMD display,5,3456
HUD - Mis. counter 1,4,2628
HUD - Mis. counter 2,4,2640
HUD - Mis. counter 3,4,2652
HUD - Mis. counter 4,4,2664
HUD - SHI % (F),8,2676
HUD - SHI % (R),8,2700
HUD - Hull condition icon,5,2724
HUD - Speed digits,7,2736
HUD - Throttle digits,7,2748
HUD - Engine power indicator,5,2760
HUD - Laser power indicator,5,2772
HUD - Shields power indicator,5,2784
HUD - Beam power indicator,5,2796
HUD - Beam weapon segments,5,2868
HUD - Beam weapon (active),5,3552
HUD - Crosshair,5,2880
HUD - Laser lamp 1,5,2892
HUD - Laser lamp 2,5,2904
HUD - Laser lamp 3,5,2916
HUD - Laser lamp 4,5,2928
HUD - Laser lamp 5,5,2940
HUD - Laser lamp 6,5,2952
HUD - Laser lamp 7,5,2964
HUD - Laser lamp 8,5,2976
HUD - On target lamp 1,5,2940
HUD - On target lamp 2,5,2952
HUD - On target lamp 3,5,2964
HUD - On target lamp 4,5,2976
HUD - SYS string,7,3492
HUD - SYS digits,7,3144
HUD - DIST string,7,3504
HUD - DIST digits (km),7,3156
HUD - DIST digits (m),7,3168
HUD - SHD string,7,3516
HUD - SHD digits,7,3180
HUD - HULL string,7,3528
HUD - HULL digits,7,3192
HUD - Target-Name,8,3540
HUD - Target-Cargo,8,3204
HUD - Target-Component,8,3216
HUD - Target-Current action,8,3228
HUD - Alert light 1,6,3240
HUD - Alert light 2,6,3252
HUD - Alert light 3,6,3264
HUD - Alert light 4,6,3276
HUD - Radio messages,4,3564
HUD - Weapon selected,4,3576
HUD - Target info,4,3588
HUD - Thtl string,8,3600
HUD - Spd string,8,3612
HUD - L from ELS,8,3624
HUD - S from ELS,8,3636
HUD - E from ELS,8,3648
HUD - B from ELS,8,3660
HUD - Craft name,8,3672
HUD - Friendly-Enemy crafts box,4,3720
HUD - Goals box,4,3744
HUD - Score-Kills box,4,3768