63,OPTPhyzBoP,,,
0,CRT Name,4,6,1
14,Shield Recharge Rate,1,,1
16,Laser Recharge Rate,1,,1
17,Hyperdrive?,1,,3
18,Shields?,1,,3
19,Shield Strength,9,,1
25,Hull Strength,9,,1
35,Engine Power,2,,1
37,Acceleration Rate,1,,1
46,Roll,1,,1
48,Pitch,1,,1
53,Cockpit File,4,8,1
62,Laser 1 Code,1,,2
63,Laser 2 Code,1,,2
64,Laser 1 Start Rack,1,,1
65,Laser 2 Start Rack,1,,1
66,Laser 1 End Rack,1,,1
67,Laser 2 End Rack,1,,1
68,Laser 1 Link Code,1,,1
69,Laser 2 Link Code,1,,1
72,Missile 1 Code,1,,2
73,Missile 2 Code,1,,2
74,Missile 2 Start Rack,1,,1
75,Missile 2 Start Rack,1,,1
76,Missile 1 End Rack,1,,1
77,Missile 2 End Rack,1,,1
78,Missile 1 Link Code,1,,1
79,Missile 2 Link Code,1,,1
80,Missile 1 Capacity,1,,1
81,Missile 2 Capacity,1,,1
82,Rack 0 X,2,,1
84,Rack 0 Y,2,,1
86,Rack 0 Z,2,,1
88,Rack 0 Capacity,1,,1
90,Rack 1 X,2,,1
92,Rack 1 Y,2,,1
94,Rack 1 Z,2,,1
96,Rack 1 Capacity,1,,1
98,Rack 2 X,2,,1
100,Rack 2 Y,2,,1
102,Rack 2 Z,2,,1
104,Rack 2 Capacity,1,,1
106,Rack 3 X,2,,1
108,Rack 3 Y,2,,1
110,Rack 3 Z,2,,1
112,Rack 3 Capacity,1,,1
114,Rack 4 X,2,,1
116,Rack 4 Y,2,,1
118,Rack 4 Z,2,,1
120,Rack 4 Capacity,1,,1
122,Rack 5 X,2,,1
124,Rack 5 Y,2,,1
126,Rack 5 Z,2,,1
128,Rack 5 Capacity,1,,1
130,Rack 6 X,2,,1
132,Rack 6 Y,2,,1
134,Rack 6 Z,2,,1
136,Rack 6 Capacity,1,,1
138,Rack 7 X,2,,1
140,Rack 7 Y,2,,1
142,Rack 7 Z,2,,1
144,Rack 7 Capacity,1,,1
210,Countermeasure,1,,1
