78,OPTPhyzBoP,
X-Wing,1,1154912
Y-Wing,1,1155169
A-Wing,1,1155426
B-Wing,1,1155683
TIE-Fighter,1,1155940
TIE-Interceptor,1,1156197
TIE-Bomber,1,1156454
TIE-Advanced,1,1156711
# TIE-Defender,1,1156968
# tienew1,1,1157225
# tienew2,1,1157482
# Missile Boat (SLAM Slot),1,1157739
T-Wing,1,1157996
Z-95 Headhunter,1,1158253
R-41 Starchaser,1,1158510
Assault Gunboat,1,1158767
Shuttle,1,1159024
Escort Shuttle,1,1159281
System Patrol Craft,1,1159538
# Scout Craft,1,1159795
Stormtrooper Transport,1,1160052
Assault Transport,1,1160309
Escort Transport,1,1160566
Utility Tug,1,1160823
Combat Utility Vehicle,1,1161080
Container Class A,1,1161337
Container Class B,1,1161594
Container Class C,1,1161851
Container Class D,1,1162108
Heavy Lifter,1,1162365
# bulk_barge2,1,1162622
Bulk Freighter,1,1162879
Cargo Ferry,1,1163136
Modular Conveyor,1,1163393
Container Transport,1,1163650
Heavy Transport,1,1163907
Muurian Transport,1,1164164
Corellian Transport,1,1164421
# Millenium Falcon,1,1164678
Corellian Corvette,1,1164935
Modified Corvette,1,1165192
Nebulon B Frigate,1,1165449
Modified Frigate,1,1165706
# Passenger Liner,1,1165963
# Carrack Cruiser,1,1166220
Strike Cruiser,1,1166477
Escort Carrier,1,1166734
Dreadnaught,1,1166991
Calamari Cruiser,1,1167248
Light Calamari Cruiser,1,1167505
Interdictor Cruiser,1,1167762
Victory Star Destroyer,1,1168019
Imperial Star Destroyer,1,1168276
Super Star Destroyer,1,1168533
Container Class E,1,1168790
Container Class F,1,1169047
Container Class G,1,1169304
Container Class H,1,1169561
Container Class I,1,1169818
XQ1 Platform,1,1170075
XQ2 Platform,1,1170332
XQ3 Platform,1,1170589
XQ4 Platform,1,1170846
XQ5 Platform,1,1171103
XQ6 Platform,1,1171360
Asteroid Hangar,1,1171617
Asteroid Laser Battery,1,1171874
Asteroid Warhead Launcher,1,1172131
X7 Factory,1,1172388
Repair Yard,1,1172645
Ship Yard,1,1172902
Gun Emplacement,1,1173159
Modified Strike Cruiser,1,1173416
W - Shot Power,2,1146296
W - Shot Speed,3,1146392
W - Shot Duration,3,1146440
W - Shot Unknown 1,3,1146488
W - Weapon Type,3,1146536
