209,BOP_INT_EDIT,
12 o'clock view,1,0
10 o'clock view,1,36
09 o'clock view,1,72
08 o'clock view,1,108
06 o'clock view,1,144
04 o'clock view,1,180
03 o'clock view,1,216
02 o'clock view,1,252
12 o'clock high view,1,288
10 o'clock high view,1,324
09 o'clock high view,1,360
08 o'clock high view,1,396
06 o'clock high view,1,432
04 o'clock high view,1,468
03 o'clock high view,1,504
02 o'clock high view,1,540
Up view,1,576
Standard view,1,612
HUD view,1,684
Panel file,2,4464
Standard view strings,8,1596
Front radar,4,1008
Front radar display,5,1920
Rear radar,4,1020
Rear radar display,5,1932
Command screen,3,1032
CMD display,5,1836
Laser-Ion charge indicator 1,10,1044
Laser-Ion charge indicator 2,10,1056
Laser-Ion charge indicator 3,10,1068
Laser-Ion charge indicator 4,10,1080
Laser-Ion charge indicator 5,10,1092
Laser-Ion charge indicator 6,10,1104
Laser-Ion charge indicator 7,10,1116
Laser-Ion charge indicator 8,10,1128
Left laser display,5,1848
Right laser display,5,1860
LasIn 1,6,1140
LasIn 2,6,1152
LasIn 3,6,1164
LasIn 4,6,1176
LasIn 5,6,1188
LasIn 6,6,1200
LasIn 7,6,1212
LasIn 8,6,1224
Mis. counter 1,4,1332
Mis. counter 2,4,1344
Mis. counter 3,4,1356
Mis. counter 4,4,1368
Mis. counter display,5,1872
MisIn 1,6,1236
MisIn 2,6,1248
MisIn 3,6,1260
MisIn 4,6,1272
S-in-fwd,8,1428
S-out-fwd,8,1440
S-in-bwd,8,1452
S-out-bwd,8,1464
Hull condition icon,5,1476
Shields-Hull display,5,1896
Speed digits,7,1488
Throttle digits,7,1500
Speed-throttle display,5,1908
Engine power indicator,5,1512
Engine power display,5,1956
Laser power indicator,5,1524
Laser power display,5,1944
Shields power indicator,5,1536
Shields power display,5,1968
Beam power indicator,5,1548
Beam power display,5,1980
Timer digits,4,1560
Countermeasure lamp,6,1572
Countermeasure digits,4,1584
Eject light,5,1608
Eject string,9,2532
Beam weapon segments,5,1620
Beam weapon display,5,1884
Beam weapon (active),5,2400
Crosshair,5,1632
Laser lamp 1,5,1644
Laser lamp 2,5,1656
Laser lamp 3,5,1668
Laser lamp 4,5,1680
Laser lamp 5,5,1692
Laser lamp 6,5,1704
Laser lamp 7,5,1716
Laser lamp 8,5,1728
On target lamp 1,5,1740
On target lamp 2,5,1752
On target lamp 3,5,1764
On target lamp 4,5,1776
On target lamp 5,5,1788
On target lamp 6,5,1800
On target lamp 7,5,1812
On target lamp 8,5,1824
SYS string,7,2340
SYS digits,7,1992
DIST string,7,2352
DIST digits (km),7,2004
DIST digits (m),7,2016
SHD string,7,2364
SHD digits,7,2028
HULL string,7,2376
HULL digits,7,2040
Target-Name,8,2388
Target-Cargo,8,2052
Target-Component,8,2064
Target-Current action,8,2076
Alert light 1,6,2088
Alert light 2,6,2100
Alert light 3,6,2112
Alert light 4,6,2124
Shields Pw. (sealed),5,2304
Beam Pw. (sealed),5,2316
Beam weapon (sealed),5,2328
Radio messages,4,2412
Weapon selected,4,2424
Target info,4,2436
Throttle string,8,2448
Speed string,8,2460
L from ELS,8,2472
S from ELS,8,2484
E from ELS,8,2496
B from ELS,8,2508
Craft name,8,2520
F from shield sys,9,2544
R from shield sys,9,2556
Friendly-Enemy crafts box,4,2568
Goals box,4,2592
Score-Kills box,4,2616
HUD - Front radar,4,2736
HUD - Front radar display,5,3648
HUD - Rear radar,4,2748
HUD - Rear radar display,5,3660
HUD - Command screen,3,2760
HUD - CMD display,5,3564
HUD - Mis. counter 1,4,3060
HUD - Mis. counter 2,4,3072
HUD - Mis. counter 3,4,3084
HUD - Mis. counter 4,4,3096
HUD - SHI % (F),8,3156
HUD - SHI % (R),8,3180
HUD - Hull condition icon,5,3204
HUD - Shields-Hull display,5,3624
HUD - Speed digits,7,3216
HUD - Throttle digits,7,3228
HUD - Speed-throttle display,5,3636
HUD - Engine power indicator,5,3240
HUD - Engine power display,5,3684
HUD - Laser power indicator,5,3252
HUD - Laser power display,5,3672
HUD - Shields power indicator,5,3264
HUD - Shields power display,5,3696
HUD - Beam power indicator,5,3276
HUD - Beam power display,5,3708
HUD - Beam weapon segments,5,3348
HUD - Beam weapon display,5,3612
HUD - Beam weapon (active),5,4128
HUD - Crosshair,5,3360
HUD - Laser lamp 1,5,3372
HUD - Laser lamp 2,5,3384
HUD - Laser lamp 3,5,3396
HUD - Laser lamp 4,5,3408
HUD - Laser lamp 5,5,3420
HUD - Laser lamp 6,5,3432
HUD - Laser lamp 7,5,3444
HUD - Laser lamp 8,5,3456
HUD - On target lamp 1,5,3468
HUD - On target lamp 2,5,3480
HUD - On target lamp 3,5,3492
HUD - On target lamp 4,5,3504
HUD - On target lamp 5,5,3516
HUD - On target lamp 6,5,3528
HUD - On target lamp 7,5,3540
HUD - On target lamp 8,5,3552
HUD - SYS string,7,4068
HUD - SYS digits,7,3720
HUD - DIST string,7,4080
HUD - DIST digits (km),7,3732
HUD - DIST digits (m),7,3744
HUD - SHD string,7,4092
HUD - SHD digits,7,3756
HUD - HULL string,7,4104
HUD - HULL digits,7,3768
HUD - Target-Name,8,4116
HUD - Target-Cargo,8,3780
HUD - Target-Component,8,3792
HUD - Target-Current action,8,3804
HUD - Alert light 1,6,3816
HUD - Alert light 2,6,3828
HUD - Alert light 3,6,3840
HUD - Alert light 4,6,3852
HUD - Shields Pw. (sealed),5,4032
HUD - Beam Pw. (sealed),5,4044
HUD - Beam weapon (sealed),5,4056
HUD - Radio messages,4,4140
HUD - Weapon selected,4,4152
HUD - Target info,4,4164
HUD - Thtl string,8,4176
HUD - Spd string,8,4188
HUD - L from ELS,8,4200
HUD - S from ELS,8,4212
HUD - E from ELS,8,4224
HUD - B from ELS,8,4236
HUD - Craft name,8,4248
HUD - Friendly-Enemy crafts box,4,4296
HUD - Goals box,4,4320
HUD - Score-Kills box,4,4344