53,TFHEX,,,
0,CRT ID,4,8,1
14,Shield Recharge,1,,1
16,Hyperdrive,1,,6
17,Shields,1,,6
18,Shield strength,2,,5
22,Hull strength,2,,4
26,Top Speed,2,,2
28,Acceleration,1,,1
37,Roll maneuverability,1,,1
39,Pitch maneuverability,1,,1
44,Cockpit File,4,8,1
53,Laser type 1,1,,3
54,Laser type 2,1,,3
55,Laser 1 Start Rack,1,,1
56,Laser 2 Start Rack,1,,1
57,Laser 1 End Rack,1,,1
58,Laser 2 End Rack,1,,1
59,Laser 1 Link Code,1,,1
60,Laser2 Link Code,1,,1
63,Missile 1 type,1,,1
64,Missile 2 type,1,,1
65,Missile 1 Start Rack,1,,1
66,Missile 2 Start Rack,1,,1
67,Missile 1 End Rack,1,,1
68,Missile 2 End Rack,1,,1
69,Missile 1 Link Code,1,,1
70,Missile 2 Link Code,1,,1
71,Missile 1 capacity,1,,1
72,Missile 2 capacity,1,,1
73,Rack 0 x-coord,2,,1
75,Rack 0 y-coord,2,,1
77,Rack 0 z-coord,2,,1
79,Rack 0 capacity,1,,1
81,Rack 1 x-coord,2,,1
83,Rack 1 y-coord,2,,1
85,Rack 1 z-coord,2,,1
87,Rack 1 capacity,1,,1
89,Rack 2 x-coord,2,,1
91,Rack 2 y-coord,2,,1
93,Rack 2 z-coord,2,,1
95,Rack 2 capacity,1,,1
97,Rack 3 x-coord,2,,1
99,Rack 3 y-coord,2,,1
101,Rack 3 z-coord,2,,1
103,Rack 3 capacity,1,,1
105,Rack 4 x-coord,2,,1
107,Rack 4 y-coord,2,,1
109,Rack 4 z-coord,2,,1
111,Rack 4 capacity,1,,1
113,Rack 5 x-coord,2,,1
115,Rack 5 y-coord,2,,1
117,Rack 5 z-coord,2,,1
119,Rack 5 capacity,1,,1
